longitude,latitude,total_tested,total_positive,prevalence
33.97,0.1,593,163,0.274873524
33.994,0.158,171,117,0.684210526
34.02,-0.03,237,51,0.215189873
34.02,0.22,210,66,0.314285714
34.05003,0.22096,110,56,0.509090909
34.05599,0.10486,110,81,0.736363636
34.089097,-0.528059,594,24,0.04040404
34.09,0.13,219,71,0.324200913
34.1015,0.4527,110,51,0.463636364
34.1164,-0.0115,238,96,0.403361345
34.1175,0.377,35,35,1
34.12,0.45,216,84,0.388888889
34.12003,-0.69028,110,12,0.109090909
34.1277,-0.4222,109,3,0.027522936
34.1318,-0.0035,255,35,0.137254902
34.13214,-0.4214,36,4,0.111111111
34.135,0.4016,31,30,0.967741935
34.13967,-0.41365,100,37,0.37
34.142,0.4194,26,16,0.615384615
34.1445,0.3504,34,33,0.970588235
34.1499,-0.0222,454,152,0.334801762
34.1518,0.4016,34,33,0.970588235
34.15291,-0.40944,100,29,0.29
34.1548,0.5206,110,43,0.390909091
34.1555,-0.4044,121,8,0.066115702
34.1561,-0.4263,94,25,0.265957447
34.1595,0.3554,35,31,0.885714286
34.16,0.09,398,134,0.336683417
34.1649,-0.0282,67,13,0.194029851
34.1658,-0.5383,150,135,0.9
34.1719,-0.3869,109,10,0.091743119
34.17307,-0.47488,161,45,0.279503106
34.1733,0.3545,30,27,0.9
34.1738,-0.5174,152,151,0.993421053
34.17385,-0.48561,233,85,0.364806867
34.1748,-0.1181,109,15,0.137614679
34.17694,-0.48392,693,193,0.278499278
34.17763,-0.38417,514,123,0.239299611
34.1778,0.3916,30,30,1
34.1795,0.3225,25,24,0.96
34.1797,-0.551,133,122,0.917293233
34.1812,-0.5545,152,151,0.993421053
34.1833,-0.418,141,33,0.234042553
34.1835,0.0755,18,3,0.166666667
34.1854,0.3337,36,29,0.805555556
34.187,0.4503,34,33,0.970588235
34.1873,-0.0268,409,150,0.366748166
34.18937,-0.34783,118,26,0.220338983
34.1906,-0.3539,916,12,0.013100437
34.19076,-0.35529,26,2,0.076923077
34.19341,-0.46051,259,62,0.239382239
34.1958,0.3356,25,24,0.96
34.1966,0.3741,32,28,0.875
34.1972,-0.4,91,24,0.263736264
34.2,-0.4152,98,17,0.173469388
34.20064,-0.40803,59,9,0.152542373
34.20323,-0.43584,82,13,0.158536585
34.2047,-0.4162,205,92,0.448780488
34.2049,-0.0757,98,2,0.020408163
34.2058,-0.47521,233,67,0.287553648
34.20643,-0.42472,563,105,0.186500888
34.2069,-0.0478,110,39,0.354545455
34.207597,-0.436911,404,109,0.26980198
34.2083,0.3545,29,27,0.931034483
34.21,-0.08,179,36,0.201117318
34.2102,0.587,110,72,0.654545455
34.21288,-0.4423,47,5,0.106382979
34.2152,-0.3816,100,18,0.18
34.21634,-0.50018,229,54,0.23580786
34.2183,0.4416,28,25,0.892857143
34.21862,-0.44041,111,14,0.126126126
34.22,-0.81,245,4,0.016326531
34.224,-0.0826,107,1,0.009345794
34.2259,0.4258,39,35,0.897435897
34.2267,-0.108,178,57,0.320224719
34.23,0.25,221,59,0.266968326
34.23315,-0.44562,553,143,0.258589512
34.2347,-0.43991,198,62,0.313131313
34.2374,0.3366,31,29,0.935483871
34.24,0.09,234,34,0.145299145
34.2406,-0.0548,259,71,0.274131274
34.24146,0.39061,110,71,0.645454545
34.2416,0.365,31,29,0.935483871
34.24161,-0.46582,169,73,0.431952663
34.24442,-0.48858,346,103,0.297687861
34.2474,0.4049,19,17,0.894736842
34.2478,0.3329,35,30,0.857142857
34.24891,-0.44662,482,149,0.309128631
34.252,0.3262,31,30,0.967741935
34.2543,-0.0785,182,36,0.197802198
34.26402,-0.42934,28,2,0.071428571
34.2641,0.3246,35,32,0.914285714
34.266,-0.117,332,2,0.006024096
34.26616,-0.45964,792,261,0.329545455
34.2662,0.3395,25,22,0.88
34.26722,-0.46208,101,43,0.425742574
34.26868,-0.45935,26,3,0.115384615
34.27,0.57,201,4,0.019900498
34.2707,0.3671,39,28,0.717948718
34.2719,0.0657,105,79,0.752380952
34.2781,-0.1359,202,2,0.00990099
34.279,0.0892,133,111,0.834586466
34.2792,-0.0612,400,64,0.16
34.2802,-0.4752,24,11,0.458333333
34.28039,-0.47193,702,209,0.297720798
34.28071,-0.49175,383,88,0.229765013
34.28111,-1.01537,110,20,0.181818182
34.2828,0.3183,26,23,0.884615385
34.2835,0.0642,854,507,0.593676815
34.2874,-0.4742,102,55,0.539215686
34.2874,0.3662,19,18,0.947368421
34.28777,-0.47478,337,160,0.474777448
34.28811,-0.47569,316,150,0.474683544
34.2903,-0.3031,236,142,0.601694915
34.2928,0.3107,32,26,0.8125
34.2929,-0.1497,389,169,0.434447301
34.2966,0.3525,36,34,0.944444444
34.3,0.39,230,3,0.013043478
34.3012,-0.1383,188,5,0.026595745
34.30302,-0.49255,141,29,0.205673759
34.30401,-0.17263,15,2,0.133333333
34.30467,-0.51249,290,66,0.227586207
34.3053,0.0572,156,115,0.737179487
34.30652,-0.13216,23,6,0.260869565
34.3082,-0.1139,469,92,0.196162047
34.3106,0.1019,62,49,0.790322581
34.31091,-0.4987,373,111,0.297587131
34.3114,-0.0534,208,7,0.033653846
34.31295,-0.15202,27,8,0.296296296
34.31793,-0.51206,393,135,0.34351145
34.31798,-0.46258,525,127,0.241904762
34.318,-0.0461,52,4,0.076923077
34.3203,0.4079,36,33,0.916666667
34.3207,-0.0693,258,6,0.023255814
34.3212,0.0721,111,95,0.855855856
34.32394,-0.1944,72,41,0.569444444
34.32413,-0.48415,47,9,0.191489362
34.3244,0.0952,107,97,0.906542056
34.32792,-0.15897,24,14,0.583333333
34.3296,-0.0698,97,3,0.030927835
34.3309,-0.10941,29,14,0.482758621
34.3332,0.3737,32,31,0.96875
34.3344,-0.0583,130,5,0.038461538
34.33559,-0.21322,101,34,0.336633663
34.33851,-0.15052,13,1,0.076923077
34.33863,-0.18061,40,14,0.35
34.33936,-0.22974,69,22,0.31884058
34.33977,-0.19526,184,78,0.423913043
34.34089,-0.24211,180,63,0.35
34.3428,-0.0343,282,92,0.326241135
34.34559,0.37708,35,34,0.971428571
34.34695,-0.16936,64,5,0.078125
34.3533,-0.0657,105,1,0.00952381
34.35573,-0.10472,26,15,0.576923077
34.35606,-0.17747,109,68,0.623853211
34.36,0.15,254,83,0.326771654
34.3608,-0.0548,61,2,0.032786885
34.36257,-0.14751,28,14,0.5
34.36473,-0.15717,134,68,0.507462687
34.36561,0.71262,107,50,0.46728972
34.3679,0.0806,110,82,0.745454545
34.36902,-0.1795,83,41,0.493975904
34.36914,-0.13498,26,5,0.192307692
34.36996,-0.08823,29,8,0.275862069
34.37,0.04,226,40,0.17699115
34.37109,0.49973,110,66,0.6
34.37541,-0.12567,102,41,0.401960784
34.37943,-0.17373,21,7,0.333333333
34.38258,-0.12298,90,38,0.422222222
34.38274,-0.14961,117,38,0.324786325
34.383,-0.182,467,257,0.550321199
34.38495,-0.48279,41,3,0.073170732
34.38657,-0.17825,17,0,0
34.3871,-0.1749,196,21,0.107142857
34.38832,-0.13778,41,28,0.682926829
34.39,0.74,202,8,0.03960396
34.39279,-0.14934,89,26,0.292134831
34.3952,-0.12849,92,54,0.586956522
34.39912,-0.0937,21,14,0.666666667
34.40331,-0.11109,40,21,0.525
34.404,-0.1137,958,905,0.944676409
34.40776,-0.10601,12,3,0.25
34.40806,-0.14988,109,22,0.201834862
34.40848,-0.13574,62,25,0.403225806
34.419,0.5967,336,285,0.848214286
34.41997,-0.13308,90,44,0.488888889
34.42,-0.06,201,117,0.582089552
34.4207,-0.0259,107,87,0.813084112
34.42515,-0.14754,195,103,0.528205128
34.43105,0.2538,110,76,0.690909091
34.43383,-0.16185,17,5,0.294117647
34.43954,-0.14793,216,117,0.541666667
34.43986,-0.13462,222,157,0.707207207
34.44353,0.32698,49,6,0.12244898
34.44895,-0.57745,110,44,0.4
34.45,0.03,481,363,0.754677755
34.45931,-0.62929,110,21,0.190909091
34.46,-0.53,300,14,0.046666667
34.47,-1.07,226,20,0.088495575
34.47001,-0.14315,86,58,0.674418605
34.47133,-0.53291,110,24,0.218181818
34.47684,0.17746,108,18,0.166666667
34.47791,-1.23405,110,6,0.054545455
34.48115,-0.15596,79,61,0.772151899
34.4815,-0.11949,50,42,0.84
34.48284,-1.13941,110,20,0.181818182
34.48287,-0.16674,138,112,0.811594203
34.48393,-0.13884,224,118,0.526785714
34.48401,0.36544,49,9,0.183673469
34.49486,0.21357,110,27,0.245454545
34.49839,-0.10027,113,66,0.584070796
34.49941,-0.14437,178,120,0.674157303
34.5008,-0.6689,80,20,0.25
34.50453,-0.16864,218,138,0.633027523
34.50573,-0.17909,130,80,0.615384615
34.50606,0.29475,34,12,0.352941176
34.51,0.26,224,8,0.035714286
34.51064,0.44056,110,41,0.372727273
34.5126,0.118,1818,481,0.264576458
34.51674,0.31685,45,4,0.088888889
34.52,0.65,218,9,0.041284404
34.52356,-0.63851,110,37,0.336363636
34.52546,-0.11002,400,116,0.29
34.52648,-0.96472,110,26,0.236363636
34.52713,0.32859,48,7,0.145833333
34.53,0.49,221,43,0.194570136
34.53937,0.34745,61,4,0.06557377
34.54,0.1,205,62,0.302439024
34.5485,0.7623,147,119,0.80952381
34.55771,-0.10123,95,37,0.389473684
34.57,-0.42,100,74,0.74
34.5769,0.77,109,46,0.422018349
34.58,0.05,217,48,0.221198157
34.58,0.74,208,29,0.139423077
34.59503,-0.76432,110,5,0.045454545
34.599,-0.032,26,6,0.230769231
34.6,-0.77,201,2,0.009950249
34.6035,0.02076,285,177,0.621052632
34.6058,-0.1267,258,218,0.84496124
34.61,-0.11,215,67,0.311627907
34.6174,-0.4892,110,42,0.381818182
34.62,0.18,207,8,0.038647343
34.63333,0.03333,85,11,0.129411765
34.6358,0.02596,498,164,0.329317269
34.63686,0.8152,110,16,0.145454545
34.6372,-0.1054,1194,502,0.420435511
34.64,-0.04,190,45,0.236842105
34.64333,-0.6374,111,14,0.126126126
34.6436,-0.7464,314,222,0.707006369
34.64592,0.23889,109,51,0.467889908
34.65,-0.37,251,27,0.107569721
34.65037,-1.25507,110,13,0.118181818
34.6506,0.02635,282,140,0.496453901
34.65699,-0.5072,108,32,0.296296296
34.6608,0.7111,96,30,0.3125
34.66397,-0.04851,24,12,0.5
34.666,-0.651,68,15,0.220588235
34.66635,0.4478,110,43,0.390909091
34.66667,-0.06667,105,30,0.285714286
34.667,0.4776,300,230,0.766666667
34.66823,-0.62318,219,2,0.00913242
34.67484,-0.69187,109,2,0.018348624
34.68,0.48,133,16,0.120300752
34.68375,-0.35491,110,31,0.281818182
34.68811,0.83887,110,1,0.009090909
34.6925,0.68758,110,58,0.527272727
34.7011,0.02676,288,65,0.225694444
34.7021,-0.8667,287,185,0.644599303
34.7035,-0.9096,92,12,0.130434783
34.70618,-0.59212,110,4,0.036363636
34.70738,0.8046,110,22,0.2
34.7086,-0.8691,104,0,0
34.7088,-0.57193,109,1,0.009174312
34.71098,-0.64919,111,0,0
34.712,-0.9184,102,0,0
34.71466,0.26162,110,30,0.272727273
34.71667,0.1,93,6,0.064516129
34.71796,-0.59025,105,4,0.038095238
34.71899,-0.60335,111,0,0
34.71902,0.11342,10,0,0
34.71941,-0.6116,110,6,0.054545455
34.7198,-0.9277,111,0,0
34.72168,0.10439,29,3,0.103448276
34.7237,-0.9513,805,118,0.146583851
34.72442,0.10567,67,3,0.044776119
34.72518,0.00938,110,7,0.063636364
34.7278,0.11708,17,0,0
34.72803,-0.61884,110,4,0.036363636
34.7311,-0.8882,218,36,0.165137615
34.73255,-1.01776,110,1,0.009090909
34.7328,0.08813,110,10,0.090909091
34.73333,0.18333,85,19,0.223529412
34.7341,-0.9346,76,18,0.236842105
34.7354,-0.6753,389,139,0.357326478
34.73627,-0.59199,35,11,0.314285714
34.73933,0.79766,110,31,0.281818182
34.73972,-0.57413,109,2,0.018348624
34.74324,-0.6193,80,1,0.0125
34.74514,0.27012,110,8,0.072727273
34.74521,-0.78059,109,0,0
34.74617,-0.60514,106,0,0
34.74693,-0.62482,110,0,0
34.74714,-0.53536,110,7,0.063636364
34.74836,-0.52467,107,10,0.093457944
34.74836,0.16705,924,293,0.317099567
34.7489,-0.9275,73,9,0.123287671
34.74958,0.1759,236,24,0.101694915
34.7531,-0.0354,105,10,0.095238095
34.75392,0.26563,109,7,0.064220183
34.75452,-0.56708,109,0,0
34.7568,0.7148,173,100,0.578034682
34.7569,-0.0955,102,8,0.078431373
34.7576,-0.12693,104,5,0.048076923
34.76,0.61,416,1,0.002403846
34.7606,0.17119,621,257,0.413848631
34.76081,-0.53268,104,2,0.019230769
34.7628,-0.799,120,32,0.266666667
34.763,0.1923,85,4,0.047058824
34.7641,-0.9234,54,11,0.203703704
34.76431,-0.0997,4,0,0
34.76444,-0.10056,7,0,0
34.7651,0.53538,110,34,0.309090909
34.7652,-0.8791,91,13,0.142857143
34.7668,-0.8087,93,7,0.075268817
34.7668,-0.1109,118,37,0.313559322
34.768,-0.8154,57,4,0.070175439
34.76987,-0.11397,33,2,0.060606061
34.7699,0.10804,566,152,0.268551237
34.77043,0.60359,107,16,0.14953271
34.77226,-0.91981,81,3,0.037037037
34.77301,-0.38849,108,14,0.12962963
34.7732,0.6081,109,4,0.036697248
34.7753,-0.8256,87,5,0.057471264
34.7759,-0.8084,75,7,0.093333333
34.7765,-0.8164,162,21,0.12962963
34.7802,-0.5456,185,70,0.378378378
34.7852,-0.6378,203,88,0.433497537
34.7854,-0.8152,117,6,0.051282051
34.7855,-0.826,111,14,0.126126126
34.78637,0.86824,110,6,0.054545455
34.78899,-1.33958,110,0,0
34.79,0.78,401,10,0.024937656
34.7906,-0.8384,129,7,0.054263566
34.7944,-0.8214,156,11,0.070512821
34.7991,-0.5794,114,29,0.254385965
34.8,-0.15,365,315,0.863013699
34.8,0.03333,85,3,0.035294118
34.8031,1.09205,110,1,0.009090909
34.8047,-0.9119,72,4,0.055555556
34.8051,-0.89,105,12,0.114285714
34.8062,-0.5459,65,12,0.184615385
34.8075,-0.8221,165,7,0.042424242
34.808,-0.8392,201,4,0.019900498
34.8116,-0.7041,100,25,0.25
34.8123,-0.8304,110,0,0
34.8153,0.0129,621,264,0.425120773
34.81766,0.56045,108,43,0.398148148
34.8243,-0.8424,60,0,0
34.8254,-0.8206,99,0,0
34.8264,-0.834,51,6,0.117647059
34.82703,-0.48529,108,5,0.046296296
34.82966,-0.40746,110,25,0.227272727
34.8298,-0.8418,105,0,0
34.83628,-0.09196,10,0,0
34.83679,0.15086,110,34,0.309090909
34.84096,-0.48889,109,11,0.100917431
34.8411,-0.8243,87,7,0.08045977
34.84834,-0.36304,110,8,0.072727273
34.85,0.13,205,7,0.034146341
34.85,0.45,229,3,0.013100437
34.85091,-0.48229,110,10,0.090909091
34.85114,-0.45713,108,5,0.046296296
34.85163,-0.46962,110,12,0.109090909
34.85217,-0.92654,110,0,0
34.865,3.717,194,13,0.067010309
34.8687,-0.3312,684,523,0.764619883
34.87192,-1.00275,110,1,0.009090909
34.87258,-0.65307,107,0,0
34.88,-1.01,204,1,0.004901961
34.8852,-0.3818,142,18,0.126760563
34.88973,-0.48084,123,7,0.056910569
34.8902,-0.7482,162,32,0.197530864
34.8917,-0.514,109,0,0
34.8917,-0.42737,107,12,0.112149533
34.8979,1.4469,101,33,0.326732673
34.89878,-0.43151,109,13,0.119266055
34.9,-0.27,397,273,0.687657431
34.91314,-0.4532,110,14,0.127272727
34.9173,-0.1688,184,114,0.619565217
34.92214,0.95844,110,8,0.072727273
34.93,-0.56,250,2,0.008
34.9301,-0.1742,100,69.1,0.691
34.93414,0.96444,238,22,0.092436975
34.93633,0.77398,109,7,0.064220183
34.9385,-0.8609,69,0,0
34.9403,-0.8607,76,1,0.013157895
34.9417,-0.5607,107,0,0
34.94216,0.04097,110,0,0
34.9422,0.16,185,50,0.27027027
34.94306,1.43708,80,11,0.1375
34.9455,-0.7861,100,5.5,0.055
34.95,-0.78,250,1,0.004
34.9545,1.4085,14,1,0.071428571
34.9559,0.1491,242,23,0.095041322
34.96667,-0.05,92,12,0.130434783
34.97287,0.20251,201,49,0.243781095
34.9748,-0.8963,56,2,0.035714286
34.9761,2.3158,6,0,0
34.98,-0.06,58,5,0.086206897
34.9856,-0.4407,104,0,0
34.9898,1.5893,10,2,0.2
34.99291,-0.4161,108,10,0.092592593
34.9954,2.3106,4,1,0.25
34.9991,0.3229,776,38,0.048969072
35,0.46,285,8,0.028070175
35,1.02,378,3,0.007936508
35.0027,-0.28766,110,5,0.045454545
35.0071,1.4888,190,37,0.194736842
35.0096,1.5871,6,1,0.166666667
35.0118,1.5912,16,3,0.1875
35.0125,1.5124,6,2,0.333333333
35.0204,2.0164,6,1,0.166666667
35.0296,0.5025,110,1,0.009090909
35.0364,2.0993,4,1,0.25
35.03781,0.19257,110,0,0
35.0428,1.9919,137,16,0.116788321
35.0482,0.6285,300,88,0.293333333
35.0523,1.9433,8,1,0.125
35.05653,-0.3592,110,0,0
35.0574,1.7893,8,0,0
35.0616,0.3167,161,17,0.105590062
35.0664,0.5655,300,61,0.203333333
35.0665,0.56559,110,0,0
35.074,1.7843,150,35,0.233333333
35.07867,0.95657,110,3,0.027272727
35.08937,-0.65368,110,0,0
35.09359,-0.01369,110,4,0.036363636
35.0944,1.6034,4,1,0.25
35.0967,2.0556,8,3,0.375
35.10525,0.81127,110,0,0
35.10542,-0.6928,110,0,0
35.11094,0.75371,110,1,0.009090909
35.1155,-0.50464,110,0,0
35.12,0.2,460,14,0.030434783
35.1261,1.6457,4,3,0.75
35.1267,0.3154,110,0,0
35.12689,-0.0883,102,18,0.176470588
35.12919,-0.48667,110,1,0.009090909
35.14,0.68,198,1,0.005050505
35.1416,1.4319,124,17,0.137096774
35.1457,1.2559,101,16,0.158415842
35.15499,1.92633,100,1,0.01
35.1567,1.9237,12,2,0.166666667
35.1683,1.2783,100,7,0.07
35.1711,1.9938,50,8,0.16
35.2002,-0.218,6244,1652,0.264573991
35.207,1.3203,126,5,0.03968254
35.213,1.4693,87,6,0.068965517
35.2151,1.8284,22,5,0.227272727
35.2203,2.0093,8,0,0
35.2299,1.2112,125,0,0
35.24817,-0.95668,110,0,0
35.25368,1.3388,90,6,0.066666667
35.2581,1.186,50,2,0.04
35.26705,-0.18062,110,11,0.1
35.27,0.54,357,8,0.022408964
35.2727,-0.4195,722,120,0.166204986
35.27672,-0.07057,110,0,0
35.28,-0.37,188,7,0.037234043
35.31615,1.13983,109,1,0.009174312
35.33916,-0.66587,110,0,0
35.34,-0.78,250,1,0.004
35.34154,-0.20027,6,0,0
35.349,-0.199,502,31,0.061752988
35.34937,-0.19505,96,5,0.052083333
35.35,-0.2,85,2,0.023529412
35.3503,1.2571,65,1,0.015384615
35.35437,-0.21165,110,1,0.009090909
35.375,1.4487,142,16,0.112676056
35.3963,0.6119,110,0,0
35.39685,-0.8247,106,0,0
35.42915,-0.24261,110,0,0
35.4326,1.3236,96,20,0.208333333
35.473,1.4823,14,1,0.071428571
35.48449,0.55729,110,0,0
35.5089,1.316,200,4,0.02
35.55785,0.25028,110,0,0
35.5601,0.5929,109,0,0
35.56338,0.91355,110,0,0
35.5987,1.7203,125,11,0.088
35.61261,1.0721,110,0,0
35.62071,-0.46973,111,0,0
35.6304,1.4112,103,14,0.13592233
35.64349,1.22304,110,0,0
35.6502,1.3477,99,4,0.04040404
35.6948,0.86832,108,0,0
35.71901,0.31206,80,0,0
35.746,4.268,101,25,0.247524752
35.75504,-1.15507,105,0,0
35.77,0.406,161,0,0
35.8086,-8.00E-04,258,11,0.042635659
35.81882,-0.68109,106,0,0
35.824,0.3597,235,1,0.004255319
35.82484,0.01837,110,0,0
35.8502,-0.285,235,0,0
35.8633,-0.1754,114,6,0.052631579
35.90189,1.1812,105,0,0
35.96009,-0.03854,110,1,0.009090909
36.0165,0.3689,110,0,0
36.02051,0.9392,110,0,0
36.02818,0.62964,110,0,0
36.04712,0.266,110,0,0
36.0604,0.495,291,52,0.178694158
36.06432,0.35521,319,34,0.106583072
36.07865,-0.52552,110,0,0
36.11529,0.14136,110,0,0
36.12303,-0.87519,103,0,0
36.133,-1.833,188,80,0.425531915
36.16599,0.03205,110,0,0
36.18409,-0.34437,110,0,0
36.281,0.807,127,3,0.023622047
36.31859,-0.20158,110,0,0
36.382,-0.201,117,11,0.094017094
36.41159,0.314,23,0,0
36.48485,-0.442,110,0,0
36.49162,0.53621,110,0,0
36.54107,-1.39517,110,0,0
36.54391,0.00464,110,0,0
36.56131,-1.06789,110,1,0.009090909
36.59623,-1.15625,109,0,0
36.63197,-0.97374,109,0,0
36.6531,-0.726,77,0,0
36.72049,-1.06151,110,0,0
36.74563,-1.23735,60,2,0.033333333
36.74744,-1.26805,82,1,0.012195122
36.77,-1.325,692,45,0.065028902
36.77583,-0.23666,110,0,0
36.77969,-1.32042,70,0,0
36.79408,-0.30788,109,0,0
36.8112,-1.31493,93,2,0.021505376
36.8314,-1.30464,98,1,0.010204082
36.84819,-1.30955,105,1,0.00952381
36.84962,-1.29584,103,2,0.019417476
36.86012,-1.29594,112,4,0.035714286
36.88109,-1.25197,953,0,0
36.88414,-0.76737,110,0,0
36.89591,-1.25037,95,1,0.010526316
36.91489,-1.27594,100,3,0.03
36.92059,-1.76414,105,0,0
36.92246,-0.98654,110,0,0
36.98371,-0.46756,110,0,0
37.01158,-0.76,110,0,0
37.01898,-1.11728,110,0,0
37.033,-0.8,255,0,0
37.05717,-0.825,110,0,0
37.06622,-0.69375,110,0,0
37.0957,-0.6114,248,0,0
37.10085,0.42503,77,0,0
37.1072,-0.58745,85,0,0
37.12153,0.74142,87,0,0
37.12864,-0.92238,110,0,0
37.16779,-0.57537,107,0,0
37.249,-0.617,53,9,0.169811321
37.29425,-1.41752,110,0,0
37.29673,-0.74026,110,0,0
37.32516,-0.66227,110,0,0
37.333,-0.683,108,5,0.046296296
37.34178,-1.0195,108,0,0
37.3446,-0.6981,352,15,0.042613636
37.3465,-0.6867,85,2,0.023529412
37.3486,-0.6636,139,1,0.007194245
37.35,-0.683,155,4,0.025806452
37.366,-0.634,628,10,0.015923567
37.3669,-0.6591,141,4,0.028368794
37.3717,-0.6343,116,3,0.025862069
37.3787,-0.2249,100,3,0.03
37.383,-0.667,163,7,0.042944785
37.383,-0.649,186,8,0.043010753
37.3939,-0.7497,69,6,0.086956522
37.41305,-0.47497,110,0,0
37.446,-1.1857,113,0,0
37.45,-0.5667,63,34,0.53968254
37.4803,-1.8916,20,1,0.05
37.4857,-1.0947,109,0,0
37.5007,-1.9361,16,0,0
37.5007,-1.8737,20,2,0.1
37.50235,-0.53333,109,0,0
37.5069,-1.9107,17,2,0.117647059
37.5157,-1.9486,35,2,0.057142857
37.526,-1.9391,27,1,0.037037037
37.5294,-1.9347,18,1,0.055555556
37.5369,-1.9248,20,2,0.1
37.54355,-0.37053,104,0,0
37.5479,-1.929,21,4,0.19047619
37.56021,0.35689,110,0,0
37.5629,-1.5033,193,1,0.005181347
37.5686,-1.9399,21,3,0.142857143
37.5706,-0.0017,138,13,0.094202899
37.5853,-1.98,16,0,0
37.58969,-0.48649,105,0,0
37.59166,-0.62083,109,0,0
37.5986,-1.917,17,0,0
37.64142,-3.46576,110,0,0
37.64217,-1.697,110,0,0
37.67108,-0.12165,102,0,0
37.6722,-1.9118,16,0,0
37.6738,-0.1126,286,1,0.003496503
37.6773,-1.6358,19,1,0.052631579
37.6804,-2,16,0,0
37.6815,-1.6483,18,0,0
37.6897,-0.0505,243,0,0
37.69024,-0.97235,109,0,0
37.69279,-3.45778,109,0,0
37.6933,-1.7054,17,0,0
37.69383,0.03445,109,0,0
37.70143,-0.39487,78,0,0
37.7077,-1.9814,17,0,0
37.71121,-2.00371,110,0,0
37.7151,-1.6767,20,0,0
37.72554,-3.18474,103,0,0
37.7291,-1.7171,15,0,0
37.73493,-0.27847,106,0,0
37.7352,-2.2123,17,1,0.058823529
37.7385,-1.9357,17,0,0
37.7394,-1.6506,19,0,0
37.7394,-1.5931,17,0,0
37.7452,-1.6184,17,0,0
37.7511,-2.0523,11,0,0
37.7544,-2.1574,14,0,0
37.7594,-2.0607,9,0,0
37.7727,-1.6108,16,2,0.125
37.7737,-1.8239,17,1,0.058823529
37.7821,-0.10458,110,0,0
37.79132,-0.69218,110,0,0
37.799,-2.2823,16,0,0
37.801,-1.6839,18,3,0.166666667
37.8018,-2.032,12,0,0
37.804,-1.6692,18,0,0
37.80638,-0.52228,110,0,0
37.8077,-2.3039,11,0,0
37.8077,-2.271,7,1,0.142857143
37.816,-2.2502,14,1,0.071428571
37.8195,-1.7022,19,1,0.052631579
37.8222,-2.3976,10,0,0
37.8235,-1.987,19,0,0
37.8331,-2.4055,15,1,0.066666667
37.8343,-2.0661,15,0,0
37.84,0.0167,156,58,0.371794872
37.8435,-2.2881,15,0,0
37.876,-2.3293,15,0,0
37.8869,-2.418,12,0,0
37.89398,-2.34995,110,0,0
37.90088,0.08925,110,1,0.009090909
37.9047,-2.3385,14,0,0
37.90511,-0.08794,104,0,0
37.9082,-1.9955,14,0,0
37.91971,-0.27726,106,0,0
37.9334,-2.2668,17,2,0.117647059
37.9497,-1.1806,130,26,0.2
37.9522,-0.59249,107,1,0.009345794
37.96784,-0.18336,54,0,0
37.96998,0.00065,110,0,0
37.9775,-1.4045,192,19,0.098958333
37.9973,0.39328,110,0,0
38.00955,-1.47233,111,1,0.009009009
38.0201,-1.2857,286,35,0.122377622
38.07083,-2.71879,221,44,0.199095023
38.1118,-2.70464,228,36,0.157894737
38.1137,-1.7762,153,3,0.019607843
38.13,-1.73,158,34,0.215189873
38.133,-2.7,2017,610,0.302429351
38.135,-2.5484,506,36,0.071146245
38.15129,-2.57665,364,54,0.148351648
38.1993,-2.5432,326,75,0.23006135
38.25022,-2.03285,110,0,0
38.26039,-3.45758,105,0,0
38.29848,-0.36524,110,0,0
38.29859,-0.8037,110,0,0
38.35208,-1.30817,39,0,0
38.38087,-3.22623,109,0,0
38.3849,-3.3779,114,0,0
38.4202,-3.3912,65,0,0
38.4622,-3.4396,108,0,0
38.5148,-1.5394,120,59,0.491666667
38.63919,-3.80957,110,0,0
38.9942,-4.0968,14,12,0.857142857
39.00884,-0.04098,79,2,0.025316456
39.01735,-0.72426,110,0,0
39.02564,-1.60789,110,1,0.009090909
39.0829,-4.0866,14,14,1
39.1142,-3.9973,18,14,0.777777778
39.1321,-4.48348,218,33,0.151376147
39.14,-4.61904,282,20,0.070921986
39.1437,-3.971,18,15,0.833333333
39.1454,-3.8825,18,15,0.833333333
39.14625,-4.58525,140,1,0.007142857
39.1476,-4.1839,22,21,0.954545455
39.154,-4.53644,178,7,0.039325843
39.1652,-4.2497,19,15,0.789473684
39.16591,-4.49063,171,14,0.081871345
39.1667,-4.49324,50,5,0.1
39.1668,-4.601,573,242,0.422338569
39.1706,-3.6262,24,22,0.916666667
39.17696,-4.56222,366,12,0.032786885
39.1777,-4.56452,201,3,0.014925373
39.1787,-4.52569,196,3,0.015306122
39.1818,-4.3979,198,18,0.090909091
39.18348,-4.0742,110,4,0.036363636
39.1839,-4.50892,225,12,0.053333333
39.18693,-4.64376,2017,410,0.203272186
39.1896,-4.2538,12,11,0.916666667
39.1927,-4.47212,54,3,0.055555556
39.1935,-4.43758,60,7,0.116666667
39.1941,-4.1843,16,15,0.9375
39.20092,-4.63225,365,77,0.210958904
39.2068,-4.41478,55,8,0.145454545
39.2097,-4.48105,59,4,0.06779661
39.20972,-4.48105,107,9,0.08411215
39.21261,1.70125,110,0,0
39.2134,-4.539,55,6,0.109090909
39.2138,-4.45092,51,5,0.098039216
39.21577,-4.6568,1064,78,0.073308271
39.2233,-4.2088,15,15,1
39.2302,-4.37297,169,7,0.041420118
39.24124,-4.16312,107,9,0.08411215
39.24126,-4.3849,112,11,0.098214286
39.2431,-4.49216,57,6,0.105263158
39.24676,-4.0308,107,3,0.028037383
39.2472,-4.53239,194,6,0.030927835
39.2506,-4.1413,19,19,1
39.2539,-4.25076,219,19,0.086757991
39.2586,-4.30427,51,7,0.137254902
39.2626,-4.43424,195,0,0
39.2655,-4.45851,178,3,0.016853933
39.26621,-3.67743,110,1,0.009090909
39.2674,-4.2168,16,16,1
39.2683,-4.1861,166,86,0.518072289
39.2762,-4.40494,176,4,0.022727273
39.27759,-4.35618,109,21,0.19266055
39.2778,-4.51957,205,17,0.082926829
39.279,-4.35792,48,5,0.104166667
39.2838,-4.57025,206,7,0.033980583
39.2847,-4.1235,100,73,0.73
39.2852,-4.25644,212,8,0.037735849
39.2924,-4.45349,210,9,0.042857143
39.2925,-4.47106,189,7,0.037037037
39.2974,-4.43177,53,0,0
39.2974,-3.844,18,12,0.666666667
39.299,-4.45,179,76,0.424581006
39.2993,-4.39188,205,5,0.024390244
39.3018,-4.25758,57,9,0.157894737
39.3026,-3.95085,108,6,0.055555556
39.3068,-4.0845,23,20,0.869565217
39.3082,-4.52566,204,24,0.117647059
39.3113,-4.44718,54,4,0.074074074
39.3122,-4.39595,146,6,0.04109589
39.3149,-4.49923,193,30,0.155440415
39.3153,-4.35199,200,9,0.045
39.319,-4.135,497,229,0.460764588
39.3194,-4.40751,182,1,0.005494505
39.3202,-4.47049,166,13,0.078313253
39.3336,-4.39623,47,4,0.085106383
39.3349,-4.4283,192,1,0.005208333
39.337,-4.50029,60,13,0.216666667
39.3376,-4.33739,46,11,0.239130435
39.33937,-4.63583,38,0,0
39.34026,0.38561,69,0,0
39.3462,-4.41113,194,17,0.087628866
39.347,-4.46939,110,31,0.281818182
39.3473,-4.47139,191,26,0.136125654
39.3478,-4.1463,22,20,0.909090909
39.3494,-4.60205,153,9,0.058823529
39.3507,-4.4526,17,16,0.941176471
39.3535,-4.3962,105,0,0
39.3546,-4.39893,52,0,0
39.3549,-4.3946,19,13,0.684210526
39.3594,-4.35176,53,2,0.037735849
39.3624,-4.37986,179,3,0.016759777
39.3666,-4.54641,47,9,0.191489362
39.36664,-4.54641,103,19,0.184466019
39.3695,-4.1467,18,17,0.944444444
39.3695,-4.1164,100,82,0.82
39.3727,-4.41669,40,1,0.025
39.3776,-4.4117,20,20,1
39.3807,-4.46259,51,9,0.176470588
39.3826,-4.32501,43,7,0.162790698
39.3829,-4.43633,52,2,0.038461538
39.3836,-4.61764,49,1,0.020408163
39.3906,-4.1424,100,78,0.78
39.3956,-3.8703,22,20,0.909090909
39.3972,-4.34653,58,0,0
39.3978,-4.52407,48,16,0.333333333
39.4018,-4.42026,193,7,0.03626943
39.4033,-4.37808,200,14,0.07
39.4041,-3.9251,16,15,0.9375
39.40582,-4.0775,108,4,0.037037037
39.40826,-3.80283,110,2,0.018181818
39.4085,-4.33726,29,3,0.103448276
39.4103,-4.54799,182,11,0.06043956
39.4119,-4.47223,48,19,0.395833333
39.4168,-4.35742,28,3,0.107142857
39.4173,-4.5281,156,11,0.070512821
39.4196,-4.40662,44,20,0.454545455
39.4284,-4.5148,21,17,0.80952381
39.4298,-4.49814,188,42,0.223404255
39.43007,-4.31284,106,1,0.009433962
39.4303,-3.911,16,11,0.6875
39.4308,-4.31551,210,21,0.1
39.4414,-4.391,16,10,0.625
39.45,-4.47,191,33,0.172774869
39.45,-4.1833,144,12,0.083333333
39.4541,-4.1553,100,59,0.59
39.45463,-3.53947,109,0,0
39.455,-4.34149,50,7,0.14
39.45545,-1.06258,80,0,0
39.4566,-4.49223,195,9,0.046153846
39.4572,-4.51007,55,4,0.072727273
39.45779,-4.48662,270,28,0.103703704
39.45832,-4.47103,104,18,0.173076923
39.45876,-4.47399,832,75,0.090144231
39.4592,-4.4734,206,13,0.063106796
39.46338,-3.9415,109,6,0.055045872
39.46657,-4.04409,107,7,0.065420561
39.46773,-4.1562,102,1,0.009803922
39.46891,-3.6274,106,2,0.018867925
39.47,-3.63,63,33,0.523809524
39.47,-3.53,64,44,0.6875
39.4724,-4.38,78,50,0.641025641
39.4729,-4.37947,36,15,0.416666667
39.4732,-4.46422,57,10,0.175438596
39.474,-4.3459,13,13,1
39.4774,-4.47892,54,1,0.018518519
39.4807,-3.9165,18,14,0.777777778
39.48159,-4.3237,52,23,0.442307692
39.4837,-0.2219,59,3,0.050847458
39.4843,-4.29414,200,39,0.195
39.4851,-4.46781,58,5,0.086206897
39.4876,-4.1759,16,16,1
39.4892,-4.36877,184,50,0.27173913
39.4936,-4.0079,17,14,0.823529412
39.4964,-4.30706,162,64,0.395061728
39.49666,-4.03787,110,12,0.109090909
39.499,-4.183,1552,124,0.079896907
39.5015,-4.2732,22,21,0.954545455
39.503,-4.427,100,60,0.6
39.505,-4.18687,613,77,0.125611746
39.50509,1.02305,109,0,0
39.5063,-4.42402,221,23,0.104072398
39.5065,-4.18453,106,8,0.075471698
39.5069,-4.35607,187,38,0.203208556
39.5128,-3.9726,13,11,0.846153846
39.5132,-4.34068,59,28,0.474576271
39.5149,-4.28283,48,36,0.75
39.5165,-4.3458,47,15,0.319148936
39.5176,-4.3987,193,42,0.21761658
39.5192,-4.30974,52,23,0.442307692
39.5195,-3.9528,22,17,0.772727273
39.52209,-3.35459,107,2,0.018691589
39.52354,-4.26064,107,21,0.196261682
39.5245,-4.26286,198,85,0.429292929
39.5266,-3.5881,100,72,0.72
39.5288,-4.36124,18,3,0.166666667
39.5321,-4.37329,188,17,0.090425532
39.5323,-3.9585,21,10,0.476190476
39.5324,-4.2926,201,68,0.338308458
39.533,-4.183,100,66,0.66
39.5331,-4.39727,20,20,1
39.5333,-4.3,87,58,0.666666667
39.53365,-4.33992,108,3,0.027777778
39.5344,-4.34228,192,11,0.057291667
39.5356,-4.35371,51,5,0.098039216
39.53819,-3.94011,110,0,0
39.5415,-3.9598,728,76,0.104395604
39.5437,-4.29804,213,34,0.159624413
39.5461,-4.31353,196,13,0.066326531
39.5473,-4.28018,56,16,0.285714286
39.5482,-4.2688,22,21,0.954545455
39.5491,-4.35455,190,4,0.021052632
39.5503,-4.35,17,12,0.705882353
39.55349,-3.1337,109,19,0.174311927
39.55457,-4.21111,106,6,0.056603774
39.5559,-4.29679,53,2,0.037735849
39.5581,-4.28104,212,12,0.056603774
39.5652,-4.28258,59,3,0.050847458
39.56667,3.36734,110,0,0
39.5701,-4.29619,54,2,0.037037037
39.5735,-4.253,22,14,0.636363636
39.574,-4.1463,19,18,0.947368421
39.5751,-4.27662,38,1,0.026315789
39.5762,-4.2668,100,50,0.5
39.5772,-4.26922,48,4,0.083333333
39.5869,-4.0107,133,35,0.263157895
39.5886,-4.2409,20,11,0.55
39.58866,-0.39428,91,0,0
39.5898,-4.228,17,12,0.705882353
39.59652,-4.19924,104,3,0.028846154
39.5994,-4.1622,21,15,0.714285714
39.60055,-3.59722,37,16,0.432432432
39.60592,-3.62131,106,8,0.075471698
39.6096,-3.5385,100,72,0.72
39.61,-0.3609,113,7,0.061946903
39.61353,-4.02365,111,4,0.036036036
39.616,-3.482,305,201,0.659016393
39.61864,-3.9161,107,2,0.018691589
39.6198,-4.1372,24,20,0.833333333
39.62396,-0.4868,101,0,0
39.6248,-4.1256,17,7,0.411764706
39.62906,-3.47871,108,9,0.083333333
39.62939,-3.53387,106,4,0.037735849
39.63035,-0.46121,100,0,0
39.63047,-3.99931,112,7,0.0625
39.63331,-3.53723,48,28,0.583333333
39.63424,-0.46188,108,1,0.009259259
39.63616,-0.44582,109,0,0
39.63855,-4.06453,110,2,0.018181818
39.64711,-0.52561,106,1,0.009433962
39.6514,-3.5738,52,48,0.923076923
39.65197,-0.48083,92,0,0
39.65356,-4.03662,110,4,0.036363636
39.66046,-3.6432,109,14,0.128440367
39.66073,-3.56072,107,8,0.074766355
39.6624,-0.46571,111,0,0
39.669,-3.6362,84,62,0.738095238
39.673,-4.045,77,21,0.272727273
39.682,-3.783,255,187,0.733333333
39.68828,-4.02913,112,5,0.044642857
39.6915,-3.75,492,110,0.223577236
39.7012,-3.7291,100,39,0.39
39.70306,-4.00522,112,3,0.026785714
39.70309,-3.74079,109,11,0.100917431
39.7135,-3.7529,56,27,0.482142857
39.7167,-3.9667,106,36,0.339622642
39.72,-3.7406,380,121,0.318421053
39.7249,-3.7231,219,65,0.296803653
39.7256,-3.7184,161,59,0.366459627
39.7293,-3.7148,189,93,0.492063492
39.7306,-3.7043,456,137,0.300438596
39.7315,-3.9001,99,82,0.828282828
39.7322,-3.7034,100,69,0.69
39.733,-3.85,108,77,0.712962963
39.733,-3.633,164,97,0.591463415
39.7381,-3.6932,53,45,0.849056604
39.74167,-3.62025,109,2,0.018348624
39.7417,-3.8458,5,1,0.2
39.742,-3.8533,52,17,0.326923077
39.74244,-3.85202,62,19,0.306451613
39.7434,-3.8541,28,9,0.321428571
39.7435,-3.8637,5,0,0
39.7435,-3.8303,4,1,0.25
39.744,-3.8595,5,4,0.8
39.74402,-3.85209,84,33,0.392857143
39.7441,-3.849,115,53,0.460869565
39.7443,-3.8547,81,17,0.209876543
39.7443,-3.8487,33,7,0.212121212
39.745,-3.8289,65,11,0.169230769
39.7451,-3.8464,7,3,0.428571429
39.7453,-3.8257,22,4,0.181818182
39.7455,-3.8608,5,2,0.4
39.7456,-3.8248,134,65,0.485074627
39.7457,-3.8228,13,0,0
39.74656,-3.82366,70,22,0.314285714
39.7471,-3.8205,14,4,0.285714286
39.7473,-3.8203,81,9,0.111111111
39.74735,-3.14289,108,14,0.12962963
39.7482,-3.804,70,47,0.671428571
39.7487,-3.8202,13,3,0.230769231
39.75,-3.6667,101,76,0.752475248
39.751,-3.8468,9,7,0.777777778
39.7524,-3.8178,4,0,0
39.7527,-3.8442,11,2,0.181818182
39.7528,-3.8292,105,82,0.780952381
39.7533,-3.8126,8,0,0
39.7537,-3.8388,20,4,0.2
39.7538,-3.804,18,1,0.055555556
39.75381,-3.84144,47,17,0.361702128
39.75468,-3.80385,100,3,0.03
39.7548,-3.8467,73,14,0.191780822
39.7548,-3.8025,24,0,0
39.75488,-3.8059,76,9,0.118421053
39.755,-3.8069,54,3,0.055555556
39.7555,-3.814,6,0,0
39.7562,-3.8529,12,2,0.166666667
39.7564,-3.8018,12,1,0.083333333
39.7578,-3.84983,30,14,0.466666667
39.7581,-3.8384,10,1,0.1
39.7586,-3.8489,10,6,0.6
39.7586,-3.8129,9,1,0.111111111
39.76,-3.8425,5,4,0.8
39.76,-3.8218,50,8,0.16
39.76145,-3.82954,91,4,0.043956044
39.7615,-3.827,7,1,0.142857143
39.766,-3.834,144,98,0.680555556
39.76627,-3.82245,35,4,0.114285714
39.76709,-3.82182,105,5,0.047619048
39.7675,-3.924,100,65,0.65
39.7675,-3.8205,21,1,0.047619048
39.778,-3.5269,99,69,0.696969697
39.7807,-0.6097,270,36,0.133333333
39.78116,-3.88999,108,0,0
39.782,-3.899,83,51,0.614457831
39.78238,-3.79521,100,3,0.03
39.7917,-3.59434,200,98,0.49
39.7984,0.2726,157,1,0.006369427
39.799,-3.734,183,123,0.672131148
39.80277,-3.59641,113,62,0.548672566
39.8033,-3.6716,39,29,0.743589744
39.805,-3.517,80,50,0.625
39.80571,-3.5104,109,1,0.009174312
39.80724,-3.56476,130,57,0.438461538
39.80769,-3.57834,156,118,0.756410256
39.80824,-3.52081,111,58,0.522522523
39.80966,-3.71433,90,3,0.033333333
39.8113,-3.5086,105,35,0.333333333
39.814,-3.5298,6,0,0
39.815,-3.533,261,84,0.32183908
39.8173,-3.5402,7,0,0
39.81855,-3.58463,25,16,0.64
39.81959,-3.51712,25,6,0.24
39.82,-3.7,72,45,0.625
39.82,-3.527,102,41,0.401960784
39.8211,-3.7897,140,68,0.485714286
39.82114,-3.78975,108,0,0
39.8212,-3.537,75,0,0
39.8218,-3.5277,133,74,0.556390977
39.82186,-3.52771,17,5,0.294117647
39.82195,-3.18142,106,0,0
39.8223,-3.5392,9,0,0
39.8223,-3.5391,445,94,0.211235955
39.8227,-3.5363,4,0,0
39.82501,-3.7511,111,5,0.045045045
39.82594,-3.58044,8,3,0.375
39.826,-3.5143,424,76,0.179245283
39.82668,-3.56905,14,6,0.428571429
39.82681,-3.7053,111,1,0.009009009
39.8278,-3.5467,12,0,0
39.82849,-3.51661,18,0,0
39.829,-3.5377,6,0,0
39.82906,-3.51772,48,0,0
39.83005,-3.61532,156,83,0.532051282
39.83024,-3.53998,67,0,0
39.8315,-3.5158,66,0,0
39.83193,-3.53392,18,6,0.333333333
39.83351,-3.58635,9,2,0.222222222
39.83372,-3.55182,27,14,0.518518519
39.83487,-3.50842,102,48,0.470588235
39.83545,-3.54641,68,1,0.014705882
39.8357,-3.5242,4,0,0
39.83661,-3.56992,8,1,0.125
39.8376,-3.5153,391,129,0.329923274
39.8377,-3.5153,15,0,0
39.8377,-3.5062,4,0,0
39.8381,-3.539,463,99,0.213822894
39.8384,-3.539,29,0,0
39.83891,-0.92446,98,0,0
39.83939,-3.58988,389,166,0.426735219
39.84199,-3.54303,88,2,0.022727273
39.8433,-3.5599,56,32,0.571428571
39.8436,-3.5317,289,87,0.301038062
39.84477,-3.61542,206,118,0.572815534
39.8452,-3.5109,19,0,0
39.8466,-3.60117,113,64,0.566371681
39.84744,-3.54164,16,5,0.3125
39.8485,-3.5416,68,33,0.485294118
39.84911,-3.56493,181,91,0.502762431
39.84923,-3.58758,214,72,0.336448598
39.85,-3.683,100,52,0.52
39.8509,-3.62609,106,0,0
39.8512,-3.5105,6,0,0
39.85253,-3.57674,108,0,0
39.85427,-3.52036,7,3,0.428571429
39.85457,-3.50521,6,3,0.5
39.855,-3.615,391,14,0.035805627
39.8565,-3.53596,17,5,0.294117647
39.85683,-3.51559,96,1,0.010416667
39.85828,-3.55959,3,0,0
39.8586,-3.5063,753,116,0.154050465
39.8587,-3.5272,4,0,0
39.8588,-3.5062,24,0,0
39.8596,-3.5051,78,31,0.397435897
39.8598,-3.5201,400,88,0.22
39.86,-3.5196,20,0,0
39.86133,-3.58188,18,9,0.5
39.8628,-3.5155,15,0,0
39.8629,-3.55127,90,9,0.1
39.8633,-3.5313,7,0,0
39.8634,-3.5315,55,12,0.218181818
39.8638,-3.5812,128,44,0.34375
39.86388,-3.52261,6,3,0.5
39.86458,-3.55824,107,0,0
39.86748,-3.57124,106,2,0.018867925
39.86803,-3.57371,5,1,0.2
39.8695,-3.5253,61,0,0
39.87,-3.57,83,28,0.337349398
39.8704,-3.5092,19,0,0
39.87046,-3.60054,17,4,0.235294118
39.8713,-3.5221,58,12,0.206896552
39.87135,-3.56969,1,0,0
39.87182,-3.49849,8,5,0.625
39.8725,-3.518,6,0,0
39.873,-3.502,62,0,0
39.87401,-3.53361,55,1,0.018181818
39.8748,-3.5351,156,41,0.262820513
39.87528,-3.5907,15,5,0.333333333
39.8767,-3.5123,5,0,0
39.87696,-3.50992,56,0,0
39.8788,-3.5257,8,0,0
39.88163,-3.57609,99,74,0.747474747
39.88521,-3.54187,162,59,0.364197531
39.88625,-3.45786,3,1,0.333333333
39.8873,-3.4922,14,0,0
39.8873,-3.4921,379,78,0.205804749
39.888,-3.459,27,16,0.592592593
39.88917,-3.47061,127,62,0.488188976
39.89072,-3.5581,9,5,0.555555556
39.89137,-3.13117,100,4,0.04
39.89325,1.68883,111,0,0
39.89726,-3.46963,99,0,0
39.89969,-3.45961,115,35,0.304347826
39.89978,-3.52315,341,133,0.390029326
39.90355,-3.18831,99,36,0.363636364
39.90702,-3.49838,136,49,0.360294118
39.9094,-3.48834,5,0,0
39.91,-3.3808,51,28,0.549019608
39.91303,-3.48123,2,1,0.5
39.9145,-3.4768,175,65,0.371428571
39.91506,-3.4749,4,3,0.75
39.91565,-1.01127,81,0,0
39.91608,-3.40332,16,12,0.75
39.91848,-3.46958,120,51,0.425
39.92142,-3.17295,101,16,0.158415842
39.92253,-3.46207,5,3,0.6
39.93089,-3.1496,100,12,0.12
39.93101,-3.38361,34,22,0.647058824
39.93108,-1.09853,102,2,0.019607843
39.93939,-3.40145,15,10,0.666666667
39.9406,-3.40587,110,1,0.009090909
39.94156,-3.4134,27,2,0.074074074
39.948,-3.382,58,10,0.172413793
39.94996,-1.09991,171,8,0.046783626
39.95178,-1.15817,115,6,0.052173913
39.95744,-3.1748,78,5,0.064102564
39.96037,-3.40127,19,11,0.578947368
39.96824,-1.23478,105,10,0.095238095
39.96979,-1.2536,114,6,0.052631579
39.96988,-3.09209,109,7,0.064220183
39.98041,-2.8351,105,0,0
39.99224,-1.29608,107,15,0.140186916
39.99638,-1.50338,105,1,0.00952381
39.9975,-3.1776,92,2,0.02173913
40.0007,-3.3397,99,38,0.383838384
40.00088,-3.22054,207,46,0.222222222
40.00233,-1.36679,110,16,0.145454545
40.00391,-1.50317,98,0,0
40.00616,-1.33323,112,7,0.0625
40.0122,-3.2599,100,63,0.63
40.01458,-1.39495,100,14,0.14
40.01919,-3.18685,101,2,0.01980198
40.01938,-1.43485,92,3,0.032608696
40.02094,-2.889,108,1,0.009259259
40.03008,-1.4839,110,0,0
40.03682,-1.51504,109,13,0.119266055
40.03835,-1.53199,109,10,0.091743119
40.03863,-3.01854,107,0,0
40.04857,1.76766,99,0,0
40.0522,-1.55798,108,8,0.074074074
40.05228,-3.25125,191,24,0.12565445
40.0537,-1.57036,104,26,0.25
40.05815,-2.97669,107,5,0.046728972
40.05816,-1.59547,111,0,0
40.05868,-3.08722,108,8,0.074074074
40.06446,-1.62362,108,4,0.037037037
40.0699,-3.2085,100,48,0.48
40.07761,-3.15931,101,6,0.059405941
40.08,-1.61111,110,1,0.009090909
40.08292,-3.16368,185,83,0.448648649
40.0843,-3.294,100,59,0.59
40.08864,-3.203,206,44,0.213592233
40.09194,-2.92722,108,0,0
40.09508,-3.10343,101,5,0.04950495
40.09665,-1.7546,108,11,0.101851852
40.10201,-3.21874,208,13,0.0625
40.10261,-1.8299,109,9,0.082568807
40.10809,-3.12791,108,3,0.027777778
40.10856,-2.26538,108,0,0
40.109,-3.1281,101,67,0.663366337
40.11143,-3.0758,108,0,0
40.11625,-3.09983,88,1,0.011363636
40.11838,-3.1708,188,42,0.223404255
40.11909,-3.21838,191,1,0.005235602
40.12071,-1.69295,105,2,0.019047619
40.12225,-1.67133,110,1,0.009090909
40.12385,-1.65841,110,6,0.054545455
40.12394,-2.34789,103,0,0
40.1243,-1.7966,108,1,0.009259259
40.13331,-2.18248,103,1,0.009708738
40.13647,-1.7344,107,9,0.08411215
40.1405,-3.1403,100,58,0.58
40.1405,-3.068,100,49,0.49
40.14368,-2.73201,104,1,0.009615385
40.14741,-2.37358,92,1,0.010869565
40.14855,-3.10645,106,1,0.009433962
40.16583,-2.24149,104,0,0
40.17096,-2.43784,110,1,0.009090909
40.17208,-3.02028,106,1,0.009433962
40.17934,-2.232,110,1,0.009090909
40.18063,-2.209,108,0,0
40.18489,-2.47074,109,0,0
40.18693,-2.4561,111,0,0
40.1953,-2.9966,100,79,0.79
40.20013,-2.41189,110,0,0
40.25609,1.10364,109,0,0
40.26968,-2.5058,102,0,0
40.28469,-2.5068,109,1,0.009174312
40.29557,-2.51107,107,0,0
40.3081,0.0544,198,21,0.106060606
40.32143,-2.51798,108,0,0
40.43909,-2.38468,108,0,0
40.51356,-1.59858,322,1,0.00310559
40.53213,-2.5213,105,0,0
40.54412,-2.51127,105,0,0
40.6482,-2.3806,108,7,0.064814815
40.67518,-2.37438,110,0,0
40.69421,-2.44244,110,0,0
40.69982,-2.30187,107,0,0
40.7217,-2.4282,178,2,0.011235955
40.77522,-2.39026,56,0,0
40.8173,-2.17995,105,0,0
40.84885,-2.23212,110,1,0.009090909
41.2161,3.9335,191,16,0.083769634
41.8622,3.9522,207,0,0
